{
    "sources": [
        {
            "type": "paletted_permutations",
            "textures": [
                "trims/models/armor/coast",
                "trims/models/armor/coast_leggings",
                "trims/models/armor/sentry",
                "trims/models/armor/sentry_leggings",
                "trims/models/armor/dune",
                "trims/models/armor/dune_leggings",
                "trims/models/armor/wild",
                "trims/models/armor/wild_leggings",
                "trims/models/armor/ward",
                "trims/models/armor/ward_leggings",
                "trims/models/armor/eye",
                "trims/models/armor/eye_leggings",
                "trims/models/armor/vex",
                "trims/models/armor/vex_leggings",
                "trims/models/armor/tide",
                "trims/models/armor/tide_leggings",
                "trims/models/armor/snout",
                "trims/models/armor/snout_leggings",
                "trims/models/armor/brute",
                "trims/models/armor/brute_leggings",
                "trims/models/armor/rib",
                "trims/models/armor/rib_leggings",
                "trims/models/armor/skull",
                "trims/models/armor/skull_leggings",
                "trims/models/armor/spire",
                "trims/models/armor/spire_leggings",
                "trims/models/armor/wayfinder",
                "trims/models/armor/wayfinder_leggings",
                "trims/models/armor/shaper",
                "trims/models/armor/shaper_leggings",
                "trims/models/armor/silence",
                "trims/models/armor/silence_leggings",
                "trims/models/armor/raiser",
                "trims/models/armor/raiser_leggings",
                "trims/models/armor/host",
                "trims/models/armor/host_leggings",
                "trims/models/armor/creeper",
                "trims/models/armor/creeper_leggings",
                "trims/models/armor/mojang",
                "trims/models/armor/mojang_leggings",
                "trims/models/armor/flower",
                "trims/models/armor/flower_leggings",
                "trims/models/armor/globe",
                "trims/models/armor/globe_leggings",
                "trims/models/armor/netherite",
                "trims/models/armor/netherite_leggings",
                "trims/models/armor/explorer",
                "trims/models/armor/explorer_leggings",
                "trims/models/armor/heart",
                "trims/models/armor/heart_leggings",
                "trims/models/armor/heartbreak",
                "trims/models/armor/heartbreak_leggings",
                "trims/models/armor/friend",
                "trims/models/armor/friend_leggings",
                "trims/models/armor/snort",
                "trims/models/armor/snort_leggings",
                "trims/models/armor/danger",
                "trims/models/armor/danger_leggings",
                "trims/models/armor/shelter",
                "trims/models/armor/shelter_leggings",
                "trims/models/armor/burn",
                "trims/models/armor/burn_leggings",
                "trims/models/armor/plenty",
                "trims/models/armor/plenty_leggings",
                "trims/models/armor/mourner",
                "trims/models/armor/mourner_leggings",
                "trims/models/armor/prize",
                "trims/models/armor/prize_leggings",
                "trims/models/armor/miner",
                "trims/models/armor/miner_leggings",
                "trims/models/armor/angler",
                "trims/models/armor/angler_leggings",
                "trims/models/armor/archer",
                "trims/models/armor/archer_leggings",
                "trims/models/armor/blade",
                "trims/models/armor/blade_leggings",
                "trims/models/armor/arms_up",
                "trims/models/armor/arms_up_leggings",
                "trims/models/armor/brewer",
                "trims/models/armor/brewer_leggings",
                "trims/models/armor/howl",
                "trims/models/armor/howl_leggings",
                "trims/models/armor/sheaf",
                "trims/models/armor/sheaf_leggings"
            ],
            "palette_key": "trims/color_palettes/trim_palette",
            "permutations": {
                "quartz": "trims/color_palettes/quartz",
                "iron": "trims/color_palettes/iron",
                "gold": "trims/color_palettes/gold",
                "diamond": "trims/color_palettes/diamond",
                "netherite": "trims/color_palettes/netherite",
                "redstone": "trims/color_palettes/redstone",
                "copper": "trims/color_palettes/copper",
                "emerald": "trims/color_palettes/emerald",
                "lapis": "trims/color_palettes/lapis",
                "amethyst": "trims/color_palettes/amethyst",
                "iron_darker": "trims/color_palettes/iron_darker",
                "gold_darker": "trims/color_palettes/gold_darker",
                "diamond_darker": "trims/color_palettes/diamond_darker",
                "netherite_darker": "trims/color_palettes/netherite_darker",
                "netherite_scrap": "trims/color_palettes/netherite_scrap",
                "flint": "trims/color_palettes/flint",
                "scute": "trims/color_palettes/scute",
                "prismarine": "trims/color_palettes/prismarine",
                "purpur": "trims/color_palettes/purpur",
                "glowstone": "trims/color_palettes/glowstone",
                "nautilus": "trims/color_palettes/nautilus",
                "echo_shard": "trims/color_palettes/echo_shard",
                "glow_ink": "trims/color_palettes/glow_ink",
                "coal": "trims/color_palettes/coal",
                "leather": "trims/color_palettes/leather",
                "hide": "trims/color_palettes/hide",
                "phantom_membrane": "trims/color_palettes/phantom_membrane",
                "gunpowder": "trims/color_palettes/gunpowder",
                "honeycomb": "trims/color_palettes/honeycomb",
                "dragon_breath": "trims/color_palettes/dragon_breath",
                "slime": "trims/color_palettes/slime",
                "magma_cream": "trims/color_palettes/magma_cream",
                "ender_pearl": "trims/color_palettes/ender_pearl",
                "nether_star": "trims/color_palettes/nether_star"
            }
        }
    ]
}
